domain_statement,domain_duplicates
www.gmfreeze.org,www.gmfreeze.org
www.gmfreeze.org,www.gmfreeze.org
www.gmfreeze.org,www.gmfreeze.org
www.gmfreeze.org,www.gmfreeze.org
www.gmfreeze.org,www.gmfreeze.org
www.gmfreeze.org,www.gmfreeze.org
gmwatch.org,www.gmfreeze.org
www.gmfreeze.org,www.gmfreeze.org
www.gmwatch.org,www.gmfreeze.org
www.gmfreeze.org,www.gmfreeze.org
www.gmwatch.org,www.gmfreeze.org
www.munlochygmvigil.org.uk,www.gmfreeze.org
www.foe.co.uk,www.gmfreeze.org
www.foe.co.uk,www.gmfreeze.org
www.gmfreeze.org,www.gmfreeze.org
www.gmfreeze.org,www.gmfreeze.org
www.gmwatch.org,www.gmfreeze.org
www.genewatch.org,www.genewatch.org
www.genewatch.org,www.genewatch.org
www.genewatch.org,www.genewatch.org
www.genewatch.org,www.genewatch.org
www.genewatch.org,www.genewatch.org
www.genewatch.org,www.genewatch.org
www.genewatch.org,www.genewatch.org
www.genewatch.org,www.genewatch.org
www.biosafety-info.net,www.genewatch.org
www.genewatch.org,www.genewatch.org
www.genewatch.org,www.genewatch.org
www.genewatch.org,www.genewatch.org
www.genewatch.org,www.genewatch.org
www.genewatch.org,www.genewatch.org
www.genewatch.org,www.genewatch.org
www.nutritioninsight.com,www.genewatch.org
www.nutritioninsight.com,www.genewatch.org
www.genewatch.org,www.genewatch.org
www.genewatch.org,www.genewatch.org
www.globalresearch.ca,www.globalresearch.ca
www.fourwinds10.net,www.globalresearch.ca
www.globalresearch.ca,www.globalresearch.ca
abundanthope.net,www.globalresearch.ca
thoughtcrimeradio.net,www.globalresearch.ca
www.infiniteunknown.net,www.globalresearch.ca
www.prisonplanet.com,www.globalresearch.ca
forum.softpedia.com,www.globalresearch.ca
governamerica.com,www.globalresearch.ca
www.infowars.com,www.globalresearch.ca
www.facebook.com,www.globalresearch.ca
theinternationalreporter.org,www.globalresearch.ca
www.vaken.se,www.globalresearch.ca
thegipster.blogspot.com,www.globalresearch.ca
www.globalresearch.ca,www.globalresearch.ca
ifers.boards.net,www.globalresearch.ca
gachiyellow.wordpress.com,www.globalresearch.ca
libertythoughts76.blogspot.com,www.globalresearch.ca
www.transcend.org,www.globalresearch.ca
naturalsociety.com,www.globalresearch.ca
www.facebook.com,www.globalresearch.ca
www.globalresearch.ca,www.globalresearch.ca
www.enlightened-consciousness.com,www.globalresearch.ca
truthfrequencyradio.com,www.globalresearch.ca
yournewswire.com,www.globalresearch.ca
www.theeventchronicle.com,www.globalresearch.ca
www.globalresearch.ca,www.globalresearch.ca
mieuxprevenir.blogspot.com,www.globalresearch.ca
blog.sina.com.cn,www.globalresearch.ca
community.sitepoint.com,www.globalresearch.ca
pastebin.com,www.globalresearch.ca
tapnewswire.com,www.globalresearch.ca
www.globalresearch.ca,www.globalresearch.ca
www.agrigator.nz,www.globalresearch.ca
www.counterpunch.org,www.globalresearch.ca
rinf.com,www.globalresearch.ca
www.countercurrents.org,www.globalresearch.ca
blog.goo.ne.jp,www.globalresearch.ca
www.4thmedia.org,www.globalresearch.ca
www.colintodhunter.com,www.globalresearch.ca
beforeitsnews.com,www.globalresearch.ca
www.globalresearch.ca,www.globalresearch.ca
wakeupfromyourslumber.com,www.globalresearch.ca
rinf.com,www.globalresearch.ca
bigozine2.com,www.globalresearch.ca
www.countercurrents.org,www.globalresearch.ca
www.counterpunch.org,www.globalresearch.ca
www.shoah.org.uk,www.globalresearch.ca
www.duboisforum.org,www.globalresearch.ca
www.agrigator.nz,www.globalresearch.ca
www.realfoodchallenge.org,www.realfoodchallenge.org
www.sott.net,www.realfoodchallenge.org
www.sott.net,www.realfoodchallenge.org
www.realfoodchallenge.org,www.realfoodchallenge.org
www.realfoodchallenge.org,www.realfoodchallenge.org
www.realfoodchallenge.org,www.realfoodchallenge.org
codekicker.de,www.organic-center.org
www.nullskull.com,www.organic-center.org
community.sitepoint.com,www.organic-center.org
stackoverflow.com,www.organic-center.org
www.experts-exchange.com,www.organic-center.org
answers.yahoo.com,www.organic-center.org
social.msdn.microsoft.com,www.organic-center.org
dotnetcodewar.blogspot.com,www.organic-center.org
www.hotellerie.swoppen.com,www.organic-center.org
gist.github.com,www.organic-center.org
www.codeproject.com,www.organic-center.org
jsperf.com,www.organic-center.org
w3facility.org,www.organic-center.org
sharepoint.stackexchange.com,www.organic-center.org
webdesign.ittoolbox.com,www.organic-center.org
comsys.informatik.uni-kiel.de,www.organic-center.org
pastebin.com,www.organic-center.org
gist.github.com,www.organic-center.org
like-js.de,www.organic-center.org
forums.asp.net,www.organic-center.org
social.msdn.microsoft.com,www.organic-center.org
forum.oxid-esales.com,www.organic-center.org
biostall.com,www.organic-center.org
syndication.exoclick.com,www.organic-center.org
www.nullskull.com,www.organic-center.org
like-js.de,www.organic-center.org
www.organic-center.org,www.organic-center.org
www.organic-center.org,www.organic-center.org
www.organic-center.org,www.organic-center.org
community.sitepoint.com,www.organic-center.org
forum.oxid-esales.com,www.organic-center.org
dotnetcodewar.blogspot.com,www.organic-center.org
gist.github.com,www.organic-center.org
like-js.de,www.organic-center.org
syndication.exoclick.com,www.organic-center.org
codekicker.de,www.organic-center.org
stackoverflow.com,www.organic-center.org
www.hotellerie.swoppen.com,www.organic-center.org
www.codeproject.com,www.organic-center.org
comsys.informatik.uni-kiel.de,www.organic-center.org
pastebin.com,www.organic-center.org
forums.asp.net,www.organic-center.org
biostall.com,www.organic-center.org
like-js.de,www.organic-center.org
w3facility.org,www.organic-center.org
answers.yahoo.com,www.organic-center.org
sharepoint.stackexchange.com,www.organic-center.org
gist.github.com,www.organic-center.org
social.msdn.microsoft.com,www.organic-center.org
www.nullskull.com,www.organic-center.org
www.nullskull.com,www.organic-center.org
www.experts-exchange.com,www.organic-center.org
social.msdn.microsoft.com,www.organic-center.org
jsperf.com,www.organic-center.org
webdesign.ittoolbox.com,www.organic-center.org
www.organic-center.org,www.organic-center.org
titan.24img.com,www.cornucopia.org
search.24img.com,www.cornucopia.org
vasteras.pingst.se.qmail.me,www.cornucopia.org
www.agenciainformativaudem.com,www.cornucopia.org
reggaefestivalguide.com.qmail.me,www.cornucopia.org
www.agenciainformativaudem.com,www.cornucopia.org
padayogi.com,www.cornucopia.org
www.yourmusicradar.com.siteis.net,www.cornucopia.org
fundacjasonoris.org.qmail.me,www.cornucopia.org
test.24img.com,www.cornucopia.org
search.24img.com,www.cornucopia.org
tel-avivre.com.siteis.net,www.cornucopia.org
earth.24img.com,www.cornucopia.org
wordpress.org,www.cornucopia.org
politicalhat.com.siteis.net,www.cornucopia.org
glueckschuh-verlag.de.siteis.net,www.cornucopia.org
titan.24img.com,www.cornucopia.org
search.24img.com,www.cornucopia.org
vasteras.pingst.se.qmail.me,www.cornucopia.org
www.agenciainformativaudem.com,www.cornucopia.org
reggaefestivalguide.com.qmail.me,www.cornucopia.org
www.agenciainformativaudem.com,www.cornucopia.org
padayogi.com,www.cornucopia.org
www.yourmusicradar.com.siteis.net,www.cornucopia.org
radiolatropical.com,www.cornucopia.org
radiolatropical.com,www.cornucopia.org
fundacjasonoris.org.qmail.me,www.cornucopia.org
test.24img.com,www.cornucopia.org
search.24img.com,www.cornucopia.org
tel-avivre.com.siteis.net,www.cornucopia.org
earth.24img.com,www.cornucopia.org
wordpress.org,www.cornucopia.org
politicalhat.com.siteis.net,www.cornucopia.org
glueckschuh-verlag.de.siteis.net,www.cornucopia.org
search.24img.com,www.cornucopia.org
vasteras.pingst.se.qmail.me,www.cornucopia.org
www.agenciainformativaudem.com,www.cornucopia.org
test.24img.com,www.cornucopia.org
politicalhat.com.siteis.net,www.cornucopia.org
www.agenciainformativaudem.com,www.cornucopia.org
www.yourmusicradar.com.siteis.net,www.cornucopia.org
search.24img.com,www.cornucopia.org
tel-avivre.com.siteis.net,www.cornucopia.org
wordpress.org,www.cornucopia.org
fundacjasonoris.org.qmail.me,www.cornucopia.org
reggaefestivalguide.com.qmail.me,www.cornucopia.org
titan.24img.com,www.cornucopia.org
earth.24img.com,www.cornucopia.org
glueckschuh-verlag.de.siteis.net,www.cornucopia.org
padayogi.com,www.cornucopia.org
www.agenciainformativaudem.com,www.cornucopia.org
fundacjasonoris.org.qmail.me,www.cornucopia.org
glueckschuh-verlag.de.siteis.net,www.cornucopia.org
vasteras.pingst.se.qmail.me,www.cornucopia.org
www.yourmusicradar.com.siteis.net,www.cornucopia.org
radiolatropical.com,www.cornucopia.org
tel-avivre.com.siteis.net,www.cornucopia.org
padayogi.com,www.cornucopia.org
earth.24img.com,www.cornucopia.org
radiolatropical.com,www.cornucopia.org
search.24img.com,www.cornucopia.org
politicalhat.com.siteis.net,www.cornucopia.org
titan.24img.com,www.cornucopia.org
www.agenciainformativaudem.com,www.cornucopia.org
test.24img.com,www.cornucopia.org
reggaefestivalguide.com.qmail.me,www.cornucopia.org
www.agenciainformativaudem.com,www.cornucopia.org
fundacjasonoris.org.qmail.me,www.cornucopia.org
glueckschuh-verlag.de.siteis.net,www.cornucopia.org
vasteras.pingst.se.qmail.me,www.cornucopia.org
www.yourmusicradar.com.siteis.net,www.cornucopia.org
radiolatropical.com,www.cornucopia.org
tel-avivre.com.siteis.net,www.cornucopia.org
padayogi.com,www.cornucopia.org
politicalhat.com.siteis.net,www.cornucopia.org
titan.24img.com,www.cornucopia.org
search.24img.com,www.cornucopia.org
reggaefestivalguide.com.qmail.me,www.cornucopia.org
www.agenciainformativaudem.com,www.cornucopia.org
test.24img.com,www.cornucopia.org
earth.24img.com,www.cornucopia.org
titan.24img.com,www.cornucopia.org
vasteras.pingst.se.qmail.me,www.cornucopia.org
www.agenciainformativaudem.com,www.cornucopia.org
reggaefestivalguide.com.qmail.me,www.cornucopia.org
www.agenciainformativaudem.com,www.cornucopia.org
padayogi.com,www.cornucopia.org
www.yourmusicradar.com.siteis.net,www.cornucopia.org
radiolatropical.com,www.cornucopia.org
radiolatropical.com,www.cornucopia.org
fundacjasonoris.org.qmail.me,www.cornucopia.org
earth.24img.com,www.cornucopia.org
test.24img.com,www.cornucopia.org
search.24img.com,www.cornucopia.org
tel-avivre.com.siteis.net,www.cornucopia.org
politicalhat.com.siteis.net,www.cornucopia.org
glueckschuh-verlag.de.siteis.net,www.cornucopia.org
jamesrobertdeal.org,www.ucsusa.org
www.sott.net,www.ucsusa.org
amazingdiscoveries.org,www.ucsusa.org
www.commondreams.org,www.ucsusa.org
www.cornucopia.org,www.ucsusa.org
www.ucsusa.org,www.ucsusa.org
www.motherearthnews.com,www.ucsusa.org
www.gmfreecymru.org,www.ucsusa.org
responsibletechnology.org,responsibletechnology.org
community.aarp.org,responsibletechnology.org
www.savvyvegetarian.com,responsibletechnology.org
www.foodconsumer.org,responsibletechnology.org
www.linkedin.com,responsibletechnology.org
magicvalley.com,responsibletechnology.org
answers.yahoo.com,responsibletechnology.org
www.sott.net,responsibletechnology.org
www.gmfreecymru.org,responsibletechnology.org
beforeitsnews.com,responsibletechnology.org
origin.library.constantcontact.com,responsibletechnology.org
www.wegmans.com,responsibletechnology.org
awareamerican.wordpress.com,responsibletechnology.org
www.responsibletechnology.org,responsibletechnology.org
freedomnewsspeaks.wordpress.com,responsibletechnology.org
nongmoorganicrestaurants.com,responsibletechnology.org
eventsrusonline.com,responsibletechnology.org
www.truthistreason.net,responsibletechnology.org
responsibletechnology.org,responsibletechnology.org
forum.prisonplanet.com,responsibletechnology.org
www.facebook.com,responsibletechnology.org
ww.responsibletechnology.org,responsibletechnology.org
brazenlady1.wordpress.com,responsibletechnology.org
www.wanglong.us,responsibletechnology.org
purehealthsystems.com,responsibletechnology.org
modellist-id.com,responsibletechnology.org
responsibletechnology.org,responsibletechnology.org
ww.responsibletechnology.org,responsibletechnology.org
tatianedesouza.wordpress.com,responsibletechnology.org
modellist-id.com,responsibletechnology.org
responsibletechnology.org,responsibletechnology.org
www.foodconsumer.org,responsibletechnology.org
responsibletechnology.org,responsibletechnology.org
www.thelibertybeacon.com,responsibletechnology.org
www.academia.edu,responsibletechnology.org
www.sott.net,responsibletechnology.org
bbs.foodmate.net,responsibletechnology.org
www.nongmoshoppingguide.com,responsibletechnology.org
www.lifetreewellness.com,responsibletechnology.org
naturalrevolution.org,responsibletechnology.org
slideplayer.com,responsibletechnology.org
www.jxcn.cn,responsibletechnology.org
simpleantiagingsecrets.com,responsibletechnology.org
www.huaren.us,responsibletechnology.org
responsibletechnology.org,responsibletechnology.org
www.www.responsibletechnology.org,responsibletechnology.org
www.www.responsibletechnology.org,responsibletechnology.org
www.raw-wisdom.com,responsibletechnology.org
tearzdrop.wordpress.com,responsibletechnology.org
responsibletechnology.org,responsibletechnology.org
www.nutrientrich.com,responsibletechnology.org
www.wellkiddos.com,responsibletechnology.org
responsibletechnology.org,responsibletechnology.org
marighttoknow.com,responsibletechnology.org
ww.responsibletechnology.org,responsibletechnology.org
www.nutrientrich.com,responsibletechnology.org
www.sott.net,responsibletechnology.org
ediblewisdomdotcom.wordpress.com,responsibletechnology.org
projectavalon.net,responsibletechnology.org
newhorizonsaba.com,responsibletechnology.org
www.sott.net,responsibletechnology.org
plhopkins.blogspot.com,responsibletechnology.org
sustainable.media,responsibletechnology.org
www.bewellbuzz.com,responsibletechnology.org
responsibletechnology.org,responsibletechnology.org
dickatlee.com,responsibletechnology.org
responsibletechnology.org,responsibletechnology.org
www.organicconsumers.org,www.organicconsumers.org
www.kindness2.com,www.organicconsumers.org
www.fooddemocracynow.org,www.organicconsumers.org
www.counterpunch.org,www.organicconsumers.org
www.sott.net,www.organicconsumers.org
www.theecologist.org,www.organicconsumers.org
www.agroliving.com,www.organicconsumers.org
www.truth-out.org,www.organicconsumers.org
www.organicconsumers.org,www.organicconsumers.org
www.the-open-mind.com,www.organicconsumers.org
www.project.nsearch.com,www.organicconsumers.org
www.truth-out.org,www.organicconsumers.org
www.truth-out.org,www.organicconsumers.org
www.sott.net,www.organicconsumers.org
www.thelibertybeacon.com,www.organicconsumers.org
www.alternet.org,www.organicconsumers.org
www.organicconsumers.org,www.organicconsumers.org
readersupportednews.org,www.organicconsumers.org
www.riseearth.com,www.organicconsumers.org
www.globalresearch.ca,www.organicconsumers.org
www.counterpunch.org,www.organicconsumers.org
www.truth-out.org,www.organicconsumers.org
www.thelibertybeacon.com,www.organicconsumers.org
www.commondreams.org,www.organicconsumers.org
ecowatch.com,www.organicconsumers.org
www.activistpost.com,www.organicconsumers.org
sustainablepulse.com,www.foei.org
www.foei.org,www.foei.org
www.healthfreedoms.org,www.foei.org
www.infiniteunknown.net,www.foei.org
acbio.org.za,www.foei.org
blog.p2pfoundation.net,www.foei.org
farmconnecttz.blogspot.com,www.foei.org
intellectualcenter.blogspot.nl,www.foei.org
thephaser.com,www.foei.org
www.globalresearch.ca,www.foei.org
blog.p2pfoundation.net,www.foei.org
www.globalresearch.ca,www.foei.org
beforeitsnews.com,www.foei.org
christianpatriots.org,www.foei.org
survivalgearandfoodstorage.com,www.foei.org
www.naturalblaze.com,www.foei.org
readynutrition.com,www.foei.org
www.modernghana.com,www.foei.org
gmwatch.org,www.foei.org
christianpatriots.org,www.foei.org
www.foei.org,www.foei.org
www.gmwatch.org,www.foei.org
www.foei.org,www.foei.org
ngocentre.org.vn,www.foei.org
www.foei.org,www.foei.org
allafrica.com,www.foei.org
newfarm.org,newfarm.rodaleinstitute.org
www.newfarm.org,newfarm.rodaleinstitute.org
www.wkkf.org,newfarm.rodaleinstitute.org
unpublishedottawa.com,www.i-sis.org.uk
nwrage.org,www.i-sis.org.uk
m.naturalnews.com,www.i-sis.org.uk
ratherbehealthy.com,www.i-sis.org.uk
collectivelyconscious.net,www.i-sis.org.uk
www.fourwinds10.net,www.i-sis.org.uk
alongthewatchtower41.blogspot.com,www.i-sis.org.uk
www.scribd.com,www.i-sis.org.uk
www.i-sis.org.uk,www.i-sis.org.uk
www.bastabalkana.com,www.i-sis.org.uk
www.naturalnews.com,www.i-sis.org.uk
www.survivalorganicseeds.com,www.i-sis.org.uk
blogs.naturalnews.com,www.i-sis.org.uk
behtaj1.wordpress.com,www.i-sis.org.uk
appprecautionaryprinciple.wordpress.com,www.i-sis.org.uk
concienciaenlasalud.wordpress.com,www.i-sis.org.uk
brisbanelocalfood.ning.com,www.i-sis.org.uk
www.i-sis.org.uk,www.i-sis.org.uk
permaculturenews.org,www.i-sis.org.uk
www.i-sis.org.uk,www.i-sis.org.uk
www.theecologist.org,www.i-sis.org.uk
www.greenmedinfo.com,www.i-sis.org.uk
intellectualcenter.blogspot.com,www.i-sis.org.uk
www.dragonflykingdom.com,www.i-sis.org.uk
www.organicconsumers.org,www.i-sis.org.uk
rabble.ca,www.i-sis.org.uk
www.i-sis.org.uk,www.i-sis.org.uk
www.i-sis.org.uk,www.i-sis.org.uk
permaculturenews.org,www.i-sis.org.uk
www.i-sis.org.uk,www.i-sis.org.uk
dissidentvoice.org,www.i-sis.org.uk
gmo-unsafe.blogspot.com,www.i-sis.org.uk
www.i-sis.org.uk,www.i-sis.org.uk
www.i-sis.org.uk,www.i-sis.org.uk
blog.sina.com.cn,www.i-sis.org.uk
www.hvnogmos.org,www.i-sis.org.uk
www.i-sis.org.uk,www.i-sis.org.uk
www.hvnogmos.org,www.i-sis.org.uk
www.i-sis.org.uk,www.i-sis.org.uk
www.i-sis.org.uk,www.i-sis.org.uk
www.yahoo.com,www.i-sis.org.uk
www.msn.com,www.i-sis.org.uk
www.today.com,www.i-sis.org.uk
www.answers.com,www.i-sis.org.uk
www.i-sis.org.uk,www.i-sis.org.uk
iatp.org,www.i-sis.org.uk
issuu.com,www.i-sis.org.uk
farmwars.info,www.i-sis.org.uk
www.gmwatch.org,www.i-sis.org.uk
sustainablepulse.com,www.i-sis.org.uk
www.starshipearththebigpicture.com,www.i-sis.org.uk
forum.weatherzone.com.au,www.i-sis.org.uk
mnhopkins.blogspot.se,www.i-sis.org.uk
www.whale.to,www.i-sis.org.uk
www.gmwatch.org,www.i-sis.org.uk
vaticproject.blogspot.com,www.i-sis.org.uk
www.saynotogmos.org,www.i-sis.org.uk
beforeitsnews.com,www.i-sis.org.uk
www.bibliotecapleyades.net,www.i-sis.org.uk
www.i-sis.org.uk,www.i-sis.org.uk
www.i-sis.org.uk,www.i-sis.org.uk
www.godlikeproductions.com,www.i-sis.org.uk
www.celsias.com,www.i-sis.org.uk
www.thelibertybeacon.com,www.i-sis.org.uk
permaculturenews.org,www.i-sis.org.uk
www.kickthemallout.com,www.i-sis.org.uk
farmwars.info,www.i-sis.org.uk
diggingupthefuture.com,www.i-sis.org.uk
www.i-sis.org.uk,www.i-sis.org.uk
www.microbecolhealthdis.net,www.i-sis.org.uk
www.kickthemallout.com,www.i-sis.org.uk
www.i-sis.org.uk,www.i-sis.org.uk
www.scribd.com,www.i-sis.org.uk
www.i-sis.org.uk,www.i-sis.org.uk
farmwars.info,www.i-sis.org.uk
www.march-against-monsanto.com,www.march-against-monsanto.com
www.march-against-monsanto.com,www.march-against-monsanto.com
fredjohs.blogspot.com,www.march-against-monsanto.com
www.march-against-monsanto.com,www.march-against-monsanto.com
www.parentsshouldnttext.com,www.march-against-monsanto.com
www.damnyouautocorrect.com,www.march-against-monsanto.com
austinnewspost.com,www.march-against-monsanto.com
www.damnyouautocorrect.com,www.march-against-monsanto.com
greatnewsupdate.com,www.march-against-monsanto.com
en.paperblog.com,www.march-against-monsanto.com
angie-mckenzie.artistwebsites.com,www.march-against-monsanto.com
www.betterrecipes.com,www.march-against-monsanto.com
fiftyfootshadows.net,www.march-against-monsanto.com
wordpress.org,www.march-against-monsanto.com
acalculatedwhisk.com,www.march-against-monsanto.com
www.damnfunnytexts.com,www.march-against-monsanto.com
sedatedkoala.com,www.march-against-monsanto.com
sweetopia.net,www.march-against-monsanto.com
www.wrongnumbertexts.com,www.march-against-monsanto.com
www.ice-climbing.co.uk,www.march-against-monsanto.com
rrrose-pix.artistwebsites.com,www.march-against-monsanto.com
stackoverflow.com,www.march-against-monsanto.com
www.bruceclay.com,www.march-against-monsanto.com
marlameridith.com,www.march-against-monsanto.com
dkbunnell.wordpress.com,www.march-against-monsanto.com
www.livinglocurto.com,www.march-against-monsanto.com
greatnewsupdate.com,www.march-against-monsanto.com
www.recipemash.com,www.march-against-monsanto.com
austinnewspost.com,www.march-against-monsanto.com
www.wrongnumbertexts.com,www.march-against-monsanto.com
www.march-against-monsanto.com,www.march-against-monsanto.com
www.march-against-monsanto.com,www.march-against-monsanto.com
www.parentsshouldnttext.com,www.march-against-monsanto.com
www.damnyouautocorrect.com,www.march-against-monsanto.com
www.damnyouautocorrect.com,www.march-against-monsanto.com
occupy-monsanto.com,occupy-monsanto.com
occupy-monsanto.com,occupy-monsanto.com
occupy-monsanto.com,occupy-monsanto.com
www.nytimes.com,occupy-monsanto.com
www.cornucopia.org,occupy-monsanto.com
www.justlabelit.org,occupy-monsanto.com
www.oeffa.org,occupy-monsanto.com
readersupportednews.org,occupy-monsanto.com
www.southwillard.com,occupy-monsanto.com
www.councilforresponsiblegenetics.org,occupy-monsanto.com
www.ortablu.org,occupy-monsanto.com
otherworldsarepossible.org,occupy-monsanto.com
www.broadlandshoa.org,occupy-monsanto.com
thelead.blogs.cnn.com,occupy-monsanto.com
occupy-monsanto.com,occupy-monsanto.com
occupy-monsanto.com,occupy-monsanto.com
www.gene.ch,occupy-monsanto.com
www.thelibertybeacon.com,occupy-monsanto.com
www.thelibertybeacon.com,occupy-monsanto.com
www.geneticsandsociety.org,occupy-monsanto.com
sustainablepulse.com,occupy-monsanto.com
www.morganhilltimes.com,occupy-monsanto.com
www.gilroydispatch.com,occupy-monsanto.com
marighttoknow.com,occupy-monsanto.com
occupy-monsanto.com,occupy-monsanto.com
marighttoknow.com,occupy-monsanto.com
occupy-monsanto.com,occupy-monsanto.com
www.astrofreaks.net,occupy-monsanto.com
www.facebook.com,occupy-monsanto.com
www.youtube.com,occupy-monsanto.com
plus.google.com,occupy-monsanto.com
www.wherevent.com,occupy-monsanto.com
allevents.in,occupy-monsanto.com
occupy-monsanto.com,occupy-monsanto.com
sunnyromy.wordpress.com,occupy-monsanto.com
www.tulalipnews.com,occupy-monsanto.com
plus.google.com,occupy-monsanto.com
www.facebook.com,occupy-monsanto.com
www.kkfi.org,occupy-monsanto.com
occupy-monsanto.com,occupy-monsanto.com
www.reverbnation.com,occupy-monsanto.com
illcomm.exblog.jp,occupy-monsanto.com
www.youtube.com,occupy-monsanto.com
www.wherevent.com,occupy-monsanto.com
noclexington.com,occupy-monsanto.com
shirts.meetees.com,occupy-monsanto.com
occupy-monsanto.com,occupy-monsanto.com
occupy-monsanto.com,occupy-monsanto.com
www.pinterest.com,occupy-monsanto.com
poonehsooresrafil.blogspot.com,occupy-monsanto.com
occupy-monsanto.com,occupy-monsanto.com
www.greenpeace.org,www.greenpeace.org
hasanar64.blogspot.com,www.greenpeace.org
www.greenpeace.org,www.greenpeace.org
www.diets-usa.com,www.greenpeace.org
www.tabio.org,www.greenpeace.org
www.tabio.org,www.greenpeace.org
www.aseed.net,www.greenpeace.org
newint.org,www.greenpeace.org
www.greenpeace.org,www.greenpeace.org
www.gmo-free-regions.org,www.greenpeace.org
www.keine-gentechnik.de,www.greenpeace.org
www.greenpeace.org,www.greenpeace.org
livingtraditionally.com,articles.mercola.com
conspiracyanalyst.org,articles.mercola.com
www.villadepaz-gazette.com,articles.mercola.com
donna5353.blogspot.com,articles.mercola.com
homeandgardenamerica.com,articles.mercola.com
ratherbehealthy.com,articles.mercola.com
korenmaat.info,articles.mercola.com
www.mmshealthyforlife.com,articles.mercola.com
www.healthy-holistic-living.com,articles.mercola.com
www.waldeneffect.org,articles.mercola.com
www.realfarmacy.com,articles.mercola.com
www.ottawaseniors.com,articles.mercola.com
www.modernghana.com,articles.mercola.com
www.naturalange.co.nz,articles.mercola.com
conspiracyanalyst.org,articles.mercola.com
www.mmshealthyforlife.com,articles.mercola.com
netzfrauen.org,articles.mercola.com
blogs.discovermagazine.com,articles.mercola.com
21stcenturywire.com,articles.mercola.com
www.waldeneffect.org,articles.mercola.com
commons.commondreams.org,articles.mercola.com
articles.mercola.com,articles.mercola.com
myhomethrives.wordpress.com,articles.mercola.com
www.quantumhealing.co.za,articles.mercola.com
healthimpactnews.com,articles.mercola.com
search.24img.com,articles.mercola.com
search.24img.com,articles.mercola.com
search.24img.com,articles.mercola.com
www.truthistreason.net,www.nongmoshoppingguide.com
responsibletechnology.org,www.nongmoshoppingguide.com
greendragonsuperfoods.com,www.nongmoshoppingguide.com
www.hugos.us,www.nongmoshoppingguide.com
drdiffrant.com,www.nongmoshoppingguide.com
www.facebook.com,www.nongmoshoppingguide.com
ww.responsibletechnology.org,www.nongmoshoppingguide.com
www.nongmoshoppingguide.com,www.nongmoshoppingguide.com
www.wanglong.us,www.nongmoshoppingguide.com
www.sott.net,www.nongmoshoppingguide.com
purehealthsystems.com,www.nongmoshoppingguide.com
forum.prisonplanet.com,www.nongmoshoppingguide.com
wakeupgethealthy.com,www.nongmoshoppingguide.com
wakeupgethealthy.com,www.nongmoshoppingguide.com
fiwebelize.com,www.nongmoshoppingguide.com
brazenlady1.wordpress.com,www.nongmoshoppingguide.com
www.foodconsumer.org,www.nongmoshoppingguide.com
www.healthyhealing.com,www.healthyhealing.com
www.healthyhealing.com,www.healthyhealing.com
triplejumpessentials.com,www.gmo.news
www.quisthoudt-rowohl.de,www.gmo.news
www.canaanlandfwbchurch.com,www.gmo.news
livefreeenterprises.wordpress.com,www.gmo.news
www.nereus-regions.eu,www.gmo.news
www.michaelallenharrison.com,www.gmo.news
www.tiffanyhorrocks.com,www.gmo.news
www.micoitalia.com,www.gmo.news
spendnotsave.com,www.gmo.news
tapnewswire.com,www.gmo.news
www.naturalnews.com,www.gmo.news
beforeitsnews.com,www.gmo.news
rinf.com,www.gmo.news
stackoverflow.com,www.gmo.news
www.aaanet.org.siteis.net,www.gmo.news
stackoverflow.com,www.gmo.news
www.aaanet.org.siteis.net,www.gmo.news
gmosummit.org,gmosummit.org
foodrevolution.org,foodrevolution.org
www.minds.com,foodrevolution.org
worldtruth.tv,foodrevolution.org
healthimpactnews.com,foodrevolution.org
www.facebook.com,foodrevolution.org
www.runningthecountry.com,foodrevolution.org
www.juiceladycherie.com,foodrevolution.org
www.conspiracy-cafe.com,foodrevolution.org
foodrevolution.org,foodrevolution.org
www.wakingtimes.com,foodrevolution.org
pparihar.com,foodrevolution.org
www.thehealersjournal.com,foodrevolution.org
foodrevolution.org,foodrevolution.org
www.huffingtonpost.com,foodrevolution.org
kriscarr.com,foodrevolution.org
www.cornucopia.org,foodrevolution.org
foodrevolution.org,foodrevolution.org
www.growswitch.com,foodrevolution.org
forums2.gardenweb.com,foodrevolution.org
hippocratesinst.org,foodrevolution.org
greenfoodie.com.au,foodrevolution.org
www.scoop.it,foodrevolution.org
foodrevolution.org,foodrevolution.org
www.znbc.co.zm,foodrevolution.org
www.scoop.it,foodrevolution.org
www.ukweatherwatch.co.uk,foodrevolution.org
www.euractiv.com,foodrevolution.org
www.facebook.com,www.gmofreeusa.org
www.gmofreeusa.org,www.gmofreeusa.org
es-la.facebook.com,www.gmofreeusa.org
www.gmofreeusa.org,www.gmofreeusa.org
gmoinside.org,gmoinside.org
gmoinside.org,gmoinside.org
drrimatruthreports.com,drrimatruthreports.com
drrimatruthreports.com,drrimatruthreports.com
www.healthfreedomusa.org,drrimatruthreports.com
www.healthfreedomusa.org,drrimatruthreports.com
www.healthfreedomusa.org,drrimatruthreports.com
beforeitsnews.com,drrimatruthreports.com
drrimatruthreports.com,drrimatruthreports.com
drrimatruthreports.com,drrimatruthreports.com
www.healthfreedomusa.org,drrimatruthreports.com
drrimatruthreports.com,drrimatruthreports.com
right.is,www.truth-out.org
agentorangezone.blogspot.com,www.truth-out.org
www.truth-out.org,www.truth-out.org
frontediliberazionedaibanchieri.it,www.truth-out.org
agentorangezone.blogspot.com,www.truth-out.org
www.organicconsumers.org,www.truth-out.org
frontediliberazionedaibanchieri.it,www.truth-out.org
corrieredellacollera.com,www.truth-out.org
www.truth-out.org,www.truth-out.org
www.popularresistance.org,www.truth-out.org
www.rischiocalcolato.it,www.truth-out.org
corrieredellacollera.com,www.truth-out.org
www.nationofchange.org,www.truth-out.org
www.truth-out.org,www.truth-out.org
www.truth-out.org,www.truth-out.org
www.counterpunch.org,www.truth-out.org
www.commondreams.org,www.truth-out.org
suker-punch.blogspot.com,www.truth-out.org
www.organicconsumers.org,www.truth-out.org
www.thetruthseeker.co.uk,www.truth-out.org
www.whatsyourcloud.com,www.truth-out.org
shakeymclovin.wordpress.com,www.truth-out.org
anonhq.com,www.truth-out.org
ascendingstarseed.wordpress.com,www.truth-out.org
www.truth-out.org,www.truth-out.org
www.truth-out.org,www.truth-out.org
theflippintruth.wordpress.com,www.truth-out.org
gmoinside.org,www.truth-out.org
powerpointparadise.com,www.truth-out.org
csglobe.com,www.truth-out.org
www.thetruthseeker.co.uk,www.truth-out.org
stanvanhoucke.blogspot.com,www.truth-out.org
www.trueactivist.com,www.truth-out.org
ehsmanager.blogspot.mx,www.truth-out.org
www.nationofchange.org,www.truth-out.org
www.fooddemocracynow.org,www.truth-out.org
www.organicconsumers.org,www.truth-out.org
gmwatch.org,www.truth-out.org
limitlesslife.wordpress.com,www.truth-out.org
www.truth-out.org,www.truth-out.org
www.truth-out.org,www.truth-out.org
www.alternet.org,www.truth-out.org
www.theecologist.org,www.truth-out.org
www.popularresistance.org,www.truth-out.org
www.organicconsumers.org,www.truth-out.org
nesaranews.blogspot.com,www.truth-out.org
wholeworldbotanicals.com,www.truth-out.org
www.ziombieland.net,www.truth-out.org
www.ziombieland.net,www.truth-out.org
sustainablepulse.com,www.truth-out.org
hanoverconservativecaucus.blogspot.com,www.truth-out.org
www.911forum.org.uk,www.truth-out.org
ecowatch.com,www.truth-out.org
thenewsdoctors.com,www.truth-out.org
www.commondreams.org,www.truth-out.org
www.investigatorsreport.com,www.truth-out.org
mieuxprevenir.blogspot.com,www.truth-out.org
beforeitsnews.com,www.truth-out.org
www.marysheirloomseeds.com,www.truth-out.org
www.truth-out.org,www.truth-out.org
www.truth-out.org,www.truth-out.org
environews.tv,www.truth-out.org
www.angrysummit.com,www.truth-out.org
whatsnewinnaturalhealth.wordpress.com,www.truth-out.org
www.gmwatch.org,www.truth-out.org
bearmarkethealth.blogspot.com,www.truth-out.org
tapnewswire.com,www.truth-out.org
s.dianping.com,www.truth-out.org
beforeitsnews.com,www.truth-out.org
www.globalresearch.ca,www.truth-out.org
bearmarkethealth.blogspot.com,www.truth-out.org
www.counterpunch.org,www.truth-out.org
gmoinside.org,www.truth-out.org
www.alternet.org,www.truth-out.org
theartofhealing.com.au,www.truth-out.org
by-ufo.beforeitsnews.com,www.truth-out.org
newresearchfindingstwo.blogspot.com,www.truth-out.org
www.whatsyourcloud.com,www.truth-out.org
www.theeventchronicle.com,www.truth-out.org
amas15m.wordpress.com,www.truth-out.org
tieba.baidu.com,www.truth-out.org
globalwarming-arclein.blogspot.com,www.truth-out.org
www.localterror.com,www.truth-out.org
www.sott.net,www.truth-out.org
thewaytoeat.ca,www.truth-out.org
extrasensoryprecepts.blogspot.com,www.truth-out.org
www.forbiddennews.info,www.truth-out.org
beyond-gm.org,www.truth-out.org
seedfreedom.info,www.truth-out.org
amas15m.wordpress.com,www.truth-out.org
ecology.iww.org,www.truth-out.org
www.independentsciencenews.org,www.truth-out.org
inthesetimes.com,www.truth-out.org
www.fooddemocracynow.org,www.truth-out.org
nutritionstudies.org,www.truth-out.org
robynobrien.com,www.truth-out.org
www.globalresearch.ca,www.truth-out.org
thewaytoeat.ca,www.truth-out.org
govtslaves.info,www.truth-out.org
robynobrien.com,www.truth-out.org
www.truth-out.org,www.truth-out.org
educationforum.ipbhost.com,www.truth-out.org
www.sott.net,www.truth-out.org
www.healthfreedoms.org,www.truth-out.org
www.alternet.org,www.truth-out.org
forhumanliberation.blogspot.com,www.truth-out.org
www.ruralvermont.org,www.truth-out.org
thepromiserevealed.com,www.truth-out.org
sfasconservationrepoprts.com,www.truth-out.org
sfasconservationrepoprts.com,www.truth-out.org
www.globalresearch.ca,www.truth-out.org
www.globalresearch.ca,www.truth-out.org
www.healthnutnews.com,www.truth-out.org
www.wakeupkiwi.com,www.truth-out.org
www.truth-out.org,www.truth-out.org
www.linkedin.com,www.truth-out.org
blog.sina.com.cn,www.truth-out.org
www.theecologist.org,www.truth-out.org
nwrage.org,www.truth-out.org
www.wakeupkiwi.com,www.truth-out.org
www.offgridquest.com,www.truth-out.org
www.shiftfrequency.com,www.truth-out.org
the-raw-story.blogspot.nl,www.truth-out.org
www.independentsciencenews.org,www.truth-out.org
www.yellowbullet.com,www.truth-out.org
www.disclose.tv,www.truth-out.org
www.alternet.org,www.truth-out.org
www.gmwatch.org,www.truth-out.org
www.realfarmacy.com,www.truth-out.org
drleonardcoldwell.com,www.truth-out.org
www.counterpunch.org,www.truth-out.org
usrtk.org,www.truth-out.org
www.truth-out.org,www.truth-out.org
disinfo.com,www.truth-out.org
www.truth-out.org,www.truth-out.org
investmentwatchblog.com,www.truth-out.org
www.nationofchange.org,www.truth-out.org
usrtk.org,www.truth-out.org
www.thepeoplesvoice.org,www.truth-out.org
www.countercurrents.org,www.truth-out.org
www.uccs.mx,www.truth-out.org
www.opednews.com,www.truth-out.org
therealnews.com,www.truth-out.org
syesworldview.wordpress.com,www.truth-out.org
www.truth-out.org,www.truth-out.org
www.alternet.org,www.truth-out.org
www.truth-out.org,www.truth-out.org
conservativeread.com,www.truth-out.org
feeds.feedblitz.com,www.truth-out.org
investorshub.advfn.com,www.truth-out.org
www.commondreams.org,www.truth-out.org
www.alternet.org,www.truth-out.org
da.sott.net,www.truth-out.org
www.nakedcapitalism.com,www.truth-out.org
12160.info,www.truth-out.org
www.thelibertybeacon.com,www.truth-out.org
thedailyripple.org,www.truth-out.org
ronsnews.blogspot.com,www.truth-out.org
baltimorenonviolencecenter.blogspot.com,www.truth-out.org
www.wechange.org,www.truth-out.org
www.truth-out.org,www.truth-out.org
neilyoungnews.thrasherswheat.org,www.truth-out.org
198.251.67.126,www.truth-out.org
www.truth-out.org,www.truth-out.org
baltimorenonviolencecenter.blogspot.com,www.truth-out.org
news.mikecallicrate.com,www.truth-out.org
www.thelibertybeacon.com,www.truth-out.org
www.caribflame.com,www.truth-out.org
www.alternet.orgwww.alternet.org,www.truth-out.org
www.organicconsumers.org,www.truth-out.org
forums.alternet.org,www.truth-out.org
news.alternet.org,www.truth-out.org
www.mail-archive.com,www.truth-out.org
